1,318,narrated,1425942391
20,4306,Dreamworks,1459855607
20,89302,England,1400778834
20,89302,espionage,1400778836
20,89302,jazz,1400778841
20,89302,politics,1400778841
20,96079,nostalgic,1407930249
20,113315,coming of age,1407837917
20,113315,dark comedy,1407838006
20,113315,kafkaesque,1407837913
20,113315,military,1407837917
20,113315,satire,1407838056
20,122886,Plot Recycling,1451059168
49,2642,comic book,1149449050
49,2643,comic book,1149449057
49,3440,comic book,1149448823
49,4636,comic book,1149448913
49,7439,comic book,1149448915
49,37733,Comic Book adaption,1149448582
50,750,satire,1462078409
50,134130,Near Future,1462078261
63,393,video game adaptation,1198545362
79,909,suicide attempt,1486673277
79,1057,comedy,1483577176
79,1057,sweet,1483577178
79,1057,Woody Allen,1483577174
79,1060,90s,1483659078
79,1060,funny,1483659106
79,1060,great dialogue,1483659108
79,1060,swing dance,1483659096
79,1060,vegas,1483659061
79,1073,chocolate,1483666905
79,1073,colourful,1483666913
79,1073,cult film,1483666901
79,1073,England,1483666917
79,1073,imagination,1483666911
79,1073,quirky,1483666908
79,1073,surreal,1483666898
79,1073,Whimsical,1483666895
79,1073,witty,1483666893
79,1247,quirky,1486673298
79,1247,seduction,1486673301
79,1265,comedy,1483578286
79,1265,feel-good,1483578282
79,1265,funny,1483578284
79,1265,hilarious,1483578279
79,1265,original plot,1483578294
79,1265,surreal,1483578276
79,1265,time loop,1483578274
79,1265,witty,1483578293
79,1784,comedy,1483577212
79,1784,excellent script,1483577229
79,1784,feel-good,1483577223
79,1784,funny,1483577257
79,1784,great intelligent comedy,1483577306
79,1784,grumpy man,1483577284
79,1784,neurosis,1483577238
79,1784,quirky,1483577215
79,1784,sappy,1483577255
79,1784,writing,1483577231
79,1968,1980's cult,1483578021
79,2065,bittersweet,1483578091
79,2065,charming,1483578088
79,2065,fanciful,1483578096
79,2065,fantasy,1483578102
79,2065,fun premise,1483578099
79,2065,nostalgic,1483578093
79,2065,romance,1483578097
79,2065,warm,1483578104
79,2065,Woody Allen,1483578100
79,2100,mermaid,1486673005
79,2145,record store,1483576582
79,2145,romantic comedy,1483576579
79,2424,bookshop,1483577690
79,2424,chatting,1483577684
79,2424,chick flick,1483577641
79,2424,fun,1483577657
79,2424,New York City,1483577645
79,2424,romantic comedy,1483577642
79,2424,romcom,1483577694
79,2671,bookshop,1483666658
79,2671,British,1483666648
79,2671,funny,1483666661
79,2671,London,1483666666
79,2671,romance,1483666650
79,2671,sweet,1483666675
79,2797,1980s,1483577588
79,2797,80's,1483577570
79,2797,comedy,1483577586
79,2797,coming of age,1483577584
79,2797,New York City,1483577596
79,2797,toy store,1483577574
79,2797,toys,1486672991
79,3317,creativity,1486673696
79,3317,funny,1486673680
79,3317,on the road,1486673670
79,3481,actor talks to audience,1486673531
79,3481,awesome soundtrack,1486673564
79,3481,charming,1486673546
79,3481,funny,1486673571
79,3481,great soundtrack,1486673540
79,3481,hilarious,1486673558
79,3481,indie rock,1486673590
79,3481,John Cusack,1486673536
79,3481,mixtape,1486673586
79,3481,overrated,1486673551
79,3481,quirky,1486673534
79,3481,record store,1486673573
79,3481,relationships,1486673565
79,3481,vinyl,1486673555
79,4823,Christmas,1483577737
79,4823,Good Romantic Comedies,1483577754
79,4823,john cusack,1483577733
79,4823,Meet-cute,1483577743
79,4823,serendipity,1483577752
79,4878,Boring,1487184002
79,4878,bullshit science,1487184017
79,4878,complicated,1487183989
79,4878,confusing,1487184010
79,4878,dreamlike,1487183974
79,4878,funny,1487184014
79,4878,high school,1487183984
79,4878,plot holes,1487184007
79,4878,pretentious,1487184005
79,4878,quirky,1487183982
79,4878,stereotypes,1487184022
79,4878,surreal,1487183971
79,4973,atmospheric,1487184062
79,4973,beautiful,1487184096
79,4973,beautifully filmed,1487184047
79,4973,comedy,1487184068
79,4973,crafted,1487184132
79,4973,cult film,1487184077
79,4973,Cute,1487184090
79,4973,cute couples,1487184133
79,4973,dreamy,1487184135
79,4973,feel good film,1487184108
79,4973,feel good movie,1487184080
79,4973,feel-good,1487184049
79,4973,French,1487184064
79,4973,great soundtrack,1487184060
79,4973,idealism,1487184105
79,4973,imagination,1487184078
79,4973,inspirational,1487184070
79,4973,love,1487184099
79,4973,magic,1487184094
79,4973,manic pixie dream girl,1487184150
79,4973,modern fantasy,1487184113
79,4973,notable soundtrack,1487184118
79,4973,Paris,1487184054
79,4973,quirky,1487184045
79,4973,quirky romantic,1487184083
79,4973,romance,1487184058
79,4973,stylized,1487184057
79,4973,surreal,1487184050
79,4973,surrealism,1487184110
79,4973,sweet,1487184085
79,4973,uplifting,1487184092
79,4973,vibrant,1487184141
79,4973,whimsical,1487184053
79,5508,1970s,1483659280
79,5508,joy division,1483659271
79,5508,Manchester,1483659276
79,5508,rock and roll,1483659273
79,7361,bittersweet,1483576019
79,7361,comedy,1483576024
79,7361,cult film,1483575999
79,7361,dreamlike,1483576002
79,7361,imagination,1483576038
79,7361,melancholy,1483576035
79,7361,quirky,1483576006
79,7361,relationships,1483576013
79,7361,romance,1483576015
79,7361,surreal,1483576020
79,8948,breaks fourth wall,1485017580
79,8948,chat up,1485017790
79,8948,Jude Law,1485017538
79,8948,lad,1485017716
79,8948,new york,1485017603
79,8948,pool,1485017789
79,8948,womanizer,1485017707
79,8948,womanizing,1485017537
79,44191,anarchism,1487183448
79,44191,England,1487183397
79,44191,grahic novel,1487183422
79,44191,inspirational,1487183471
79,44191,London,1487183425
79,44191,political,1487183457
79,44191,politics,1487183464
79,44191,radical politics,1487183430
79,44191,thought-provoking,1487183467
79,44191,torture,1487183453
79,44191,violence,1487183436
79,44195,clever,1486673728
79,44195,dark comedy,1486673734
79,44195,funny,1486673739
79,44195,indie,1486673752
79,44195,satire,1486673731
79,45440,Misanthropic,1483577423
79,48082,artsy,1483576807
79,48082,bittersweet,1483576811
79,48082,child-like,1483576833
79,48082,childish,1483576836
79,48082,dream-like,1483576804
79,48082,dreamlike,1486672920
79,48082,inventive,1483576848
79,48082,love,1483576869
79,48082,quirky,1483576800
79,48082,surreal,1483576795
79,48082,unusual,1486672924
79,50685,baking,1483576471
79,50685,bittersweet,1483576473
79,50685,pregnancy,1483576477
79,51694,1980s,1483659130
79,51694,british comedy,1483659126
79,51694,the cure,1483659147
79,53189,funny,1487008416
79,53189,romance,1487008422
79,58998,actually quite good,1487008519
79,60069,adventure,1483660142
79,60069,love story,1483660138
79,60069,quirky,1483660134
79,60069,space,1483660135
79,68954,adventure,1483660097
79,68954,bittersweet,1483660107
79,68954,feel good movie,1483660099
79,68954,funny,1483660119
79,68954,storytelling,1483660101
79,69757,architecture,1483576126
79,69757,artistic,1483576080
79,69757,bittersweet,1483576123
79,69757,Funny,1483576084
79,69757,great soundtrack,1483576119
79,69757,indie music,1483576113
79,69757,intelligent,1483576078
79,69757,love,1483576100
79,69757,meaning of love,1483576105
79,69757,music,1483576086
79,69757,nonlinear,1483576134
79,69757,overrated,1486673116
79,69757,quirky,1483576115
79,69757,stylized,1483576071
79,69757,Zooey Deschanel,1483576088
79,70567,astronomy,1483576451
79,70567,emotional,1483576393
79,70567,romance,1483576397
79,86882,1920s,1483576189
79,86882,bittersweet,1483576162
79,86882,cinematography,1483576182
79,86882,comedy,1483576175
79,86882,magical realism,1483576168
79,86882,nostalgic,1483576206
79,86882,Owen Wilson,1483576198
79,86882,quirky,1483576180
79,86882,witty,1483576172
79,86882,Woody Allen,1483576164
79,86882,writers,1483576190
79,89904,1920s,1483659952
79,89904,black and white,1483659960
79,89904,cinematography,1483659968
79,89904,original,1483659954
79,89904,silent movie,1483659956
79,89904,Stylised,1483659962
79,89904,visually appealing,1483659950
79,95873,Magic Realism,1483576150
79,95873,quirky,1483576145
79,104374,charming,1483578119
79,104374,happiness,1483578122
79,104374,lovable,1483578150
79,104374,love,1483578128
79,104374,original,1483578132
79,104374,romantic comedy,1483578186
79,104374,sweet!,1483578115
79,104374,touching,1483578121
79,104374,unusual story,1483578147
79,110718,Charming,1483578390
79,110718,jazz,1483578407
82,109487,epic,1438187996
82,109487,space,1438187996
82,109487,warmhole,1438187996
105,27611,MILITARY LIFE,1239359445
105,27611,space,1239359438
109,1704,emotional,1441633542
109,1704,personal insight,1441633550
111,3994,twist ending,1490646476
111,3994,unique,1490646482
111,55908,Bad acting,1490453787
111,55908,boring,1490453806
111,55908,cheesy,1490453794
111,71135,trash movie,1490450326
111,71135,we've seen this before,1490450340
111,90888,Greek mythology,1490631312
111,92420,sci-fi,1490632707
111,92420,supernatural powers,1490632703
111,94864,exploration,1490450526
111,94864,Ridley Scott,1490450503
111,94864,sci-fi,1490450565
111,94864,self discovery,1490450609
111,103341,ending lame,1490730707
111,109487,ambitious,1490443312
111,109487,epic,1490443302
111,109487,good science,1490443275
111,109487,Hans Zimmer,1490443284
111,109487,Masterpiece,1490443287
111,109487,philosophical issues,1490443270
111,109487,physics,1490443239
111,109487,relativity,1490443252
111,109487,sci-fi,1490443233
111,109487,space,1490443243
111,109487,space exploration,1490443299
111,109487,space travel,1490443266
111,109487,wormhole,1490443280
111,115149,lack of story,1490478479
111,115149,predictable,1490478483
128,115617,Animation,1462059087
128,115617,funny,1462059089
215,858,classic,1448216278
215,6377,myfav,1448216369
292,260,sci-fi,1439051324
292,260,space opera,1439051332
334,1213,mafia,1446950748
334,1213,Martin Scorsese,1446950751
334,1213,robert de niro,1446950759
340,260,mythology,1441775181
340,260,sci-fi,1441775168
361,260,nerdy,1438820204
361,260,space adventure,1438820091
380,5618,com,1466300471
380,5618,fan,1466300465
380,5618,imaginative,1466300497
403,260,fantasy,1444713458
403,260,the classic sci fi movie. must see.,1444713473
429,1249,stylish,1423488672
429,6283,anime,1415791193
429,6283,sci-fi,1415791200
429,90690,bootlegging,1423431410
429,90690,historical,1423431410
429,90690,prohibition,1423431410
429,109487,good science,1427581813
429,109487,Michael Caine,1427581803
429,109487,physics,1427581832
429,109487,sci-fi,1427581800
429,114935,science fiction,1439590682
429,114935,time travel,1439590677
429,114935,twist ending,1439590679
429,116821,comedy,1415884632
429,116821,music industry,1415887698
429,116821,satire,1415887689
429,116821,teen idol,1429459968
429,119145,british comedy,1436041375
429,119145,gentlemanly,1436041369
429,119145,Michael Caine,1436041381
429,119145,spy thriller,1436041372
429,122882,action,1445794574
429,122882,desert,1445794565
429,122882,post apocalyptic,1445794556
429,122882,sci-fi,1445794547
429,134256,bank robbery,1433017735
429,134256,comedy,1433017691
429,134256,crime,1433017693
429,134256,drinking,1433017705
429,134256,lapland,1433017696
429,134256,pregnancy,1433017957
459,260,classic sci-fi,1443926242
471,260,sci-fi,1437883183
471,260,space opera,1437883192
479,593,action,1430333622
479,593,psychological,1430333622
479,593,suspenseful,1430333622
479,3535,insanity,1430334389
479,3535,psychology,1430334384
479,4963,con men,1439533214
479,4963,heist,1439533208
479,53322,Con artists,1439533183
479,53322,Matt Damon,1439533170
479,58803,blackjack,1439533113
479,58803,con artists,1439533125
479,58803,gambling,1439533118
479,58803,Kevin Spacey,1439533116
479,58803,Massachusetts Institute of Technology,1439533129
479,58803,mathematics,1439533107
479,71530,sci-fi,1450902586
479,71530,technology,1450902592
479,109487,artificial intelligence,1442113637
479,109487,relativity,1442113626
479,109487,sci-fi,1442113619
479,109487,thought-provoking,1442113640
479,109487,time-travel,1442113623
479,110730,artificial intelligence,1450902564
479,110730,nano-technology,1450902568
479,115210,World War II,1439533346
479,115713,artificial intelligence,1439533259
479,115713,philosophical,1439533267
479,115713,Psychological,1439533275
479,115713,sci-fi,1439533261
479,115713,thought provoking,1439533265
479,116797,cryptography,1439533296
479,116797,mathematics,1439533300
479,119145,action,1439533242
479,119145,spy,1439533231
479,129354,con artist,1439534063
479,129354,swindle,1439534066
479,129354,Will Smith,1439534060
479,132046,Future,1450902615
479,132046,sci-fi,1450902612
479,143385,spy,1450903124
479,143385,ww2,1450903130
489,318,classic,1454107381
489,318,prison,1454107375
489,53996,action,1454106449
489,91529,Batman,1454106522
519,34314,mumblecore,1433005270
519,34314,natural dialogue,1433005282
519,34314,post-college,1433005274
519,92259,best actor,1433005248
519,92259,feel good movie,1433005239
519,92259,French,1433005243
525,356,bittersweet,1469097856
525,356,feel-good,1469097837
525,356,touching,1469097902
525,4973,feel-good,1469096985
540,50,Kevin Spacey,1154193836
540,260,sci-fi,1154193982
540,296,Quentin Tarantino,1154194234
540,318,classic,1154193826
540,356,Tom Hanks,1154194014
540,527,holocaust,1154193844
540,593,serial killer,1154193997
540,608,Coen Brothers,1154194125
540,733,Sean Connery,1154193414
540,858,classic,1154193856
540,919,classic,1154194025
540,1035,classic,1154194216
540,1073,classic,1154194088
540,1198,indiana jones,1154193932
540,1220,John Belushi,1154194192
540,1221,classic,1154194045
540,1265,Bill Murray,1154194059
540,1270,sci-fi,1154193867
540,1302,baseball,1154194170
540,1307,chick flick,1154194163
540,1333,Alfred Hitchcock,1154194102
540,1387,classic,1154194200
540,1784,Jack Nicholson,1154194007
540,1954,boxing,1154194208
540,2268,Jack Nicholson,1154193409
540,2302,enjoyable,1154193390
540,2797,Tom Hanks,1154194150
540,3060,classic,1154194054
540,3421,John Belushi,1154194136
540,3466,Robert Downey Jr,1154194450
540,3548,classic,1154194098
540,42725,stoner,1154193639
551,1307,Good Romantic Comedies,1435775752
551,74480,comedy,1428149753
551,74480,long distance,1428149753
551,74480,romance,1428149753
551,126548,john hughes,1430571354
551,126548,romantic comedy,1430571354
551,126548,teen movie,1430571354
559,2605,Catherine Zeta-Jones,1499975899
568,104374,family,1474729241
568,104374,romantic comedy,1474729230
568,104374,time travel,1474729244
568,104374,touching,1474729256
574,114246,anti-hero,1430449909
574,114246,bleak,1430449909
574,114246,redemption,1430449909
583,318,great cast,1139027056
583,33794,Dark,1139027021
583,33794,Great Story,1139027021
599,260,clever names,1441899854
599,260,geeky,1441899868
602,50,conspiracy,1208399052
602,50,Oscar (Best Supporting Actor),1208399056
602,50,puzzle-like,1208399068
602,5299,Strong Women,1208398641
602,8958,Biography,1208398711
602,8958,Exceptional Acting,1208398727
602,8958,great acting,1208398697
602,8958,Oscar (Best Actor),1208398713
616,260,book-based,1437595573
616,260,space,1437595564
616,356,chick flick,1437595695
616,356,feel-good,1437595695
616,356,life,1437595695
620,318,twist ending,1266939250
620,7361,nonlinear,1266939329
620,7361,surreal,1266939338
636,260,space adventure,1439797602
636,260,space opera,1439797598
659,260,sci-fi,1437580661
659,260,"sci-fi, space",1437580668
670,260,classic sci-fi,1444964643
670,260,space adventure,1444964616
674,3000,adventure,1474234041
674,3000,ambiguous character alignments,1474234060
674,3000,anime,1474234024
674,3000,anti-war,1474234045
674,3000,atmospheric,1474234031
674,3000,dark,1474234046
674,3000,demons,1474234056
674,3000,dreamlike,1474234042
674,3000,dystopia,1474234043
674,3000,environmental,1474234036
674,3000,fantasy,1474234037
674,3000,fantasy world,1474234032
674,3000,gods,1474234051
674,3000,great soundtrack,1474234053
674,3000,Hayao Miyazaki,1474234028
674,3000,history,1474234059
674,3000,Japan,1474234039
674,3000,nature,1474234048
674,3000,philosophical,1474234054
674,3000,Studio Ghibli,1474234026
674,3000,surreal,1474234034
674,3000,talking animals,1474234049
674,5971,anime,1474233223
674,5971,country life,1474233242
674,5971,Cute,1474233231
674,5971,fantasy,1474233237
674,5971,feel good movie,1474233228
674,5971,feel-good,1474233232
674,5971,great soundtrack,1474233239
674,5971,Hayao Miyazaki,1474233220
674,5971,Japan,1474233235
674,5971,kids and family,1474233244
674,5971,nature,1474233240
674,5971,slow,1474233254
674,5971,Studio Ghibli,1474233217
674,5971,visually appealing,1474233227
674,152081,visually stunning,1475442787
674,163937,found footage,1474048913
705,260,classic sci-fi,1434546828
705,260,good vs evil,1434546843
708,353,tissit,1162160415
715,5989,leonardo di caprio; con man,1253384010
719,74491,action,1429906745
719,74491,history,1429906745
719,74491,vikings,1429906745
719,110603,boring,1432593901
719,110603,drama,1432593901
719,110603,religion,1432593901
741,47,Brad Pitt,1331126043
741,47,dark,1331126057
741,47,disturbing,1331126054
741,47,Kevin Spacey,1331126081
741,47,Morgan Freeman,1331126085
741,47,psychology,1331126051
741,47,twist ending,1331126047
741,196,Ben Kingsley,1352759401
741,296,drugs,1420582544
741,296,quentin tarantino,1420582544
741,296,violent,1420582544
741,318,magical negro,1427585442
741,318,prison,1427585442
741,318,suicide,1427585442
741,356,disability,1421294143
741,356,tom hanks,1421294143
741,356,vietnam war,1421294143
741,480,action,1331127618
741,480,adventure,1331127607
741,480,dinosaurs,1331127590
741,480,Michael Crichton,1331127593
741,480,sci-fi,1331127599
741,480,Steven Spielberg,1331127596
741,485,Charles Dance,1416161731
741,485,deconstruction,1416161705
741,485,parody,1416161651
741,485,ridiculous,1416161746
741,541,cyberpunk,1331126662
741,541,dystopia,1331126659
741,541,Harrison Ford,1331126654
741,541,Ridley Scott,1331126673
741,541,Rutger Hauer,1331126679
741,541,sci-fi,1331126651
741,541,Special Effects,1331126699
741,541,stylized,1331126683
741,589,apocalypse,1331125423
741,589,artificial intelligence,1331125425
741,589,dystopia,1331125433
741,589,future,1331125428
741,589,time travel,1331125430
741,593,fbi,1426448035
741,593,serial killer,1426448035
741,593,strong female lead,1426448035
741,750,black comedy,1331127173
741,750,dark comedy,1331127169
741,750,Peter Sellers,1331127184
741,750,satire,1331127166
741,750,Stanley Kubrick,1331127160
741,924,artificial intelligence,1331126205
741,924,atmospheric,1331126223
741,924,philosophical,1331126217
741,924,sci-fi,1331126208
741,924,Stanley Kubrick,1331126206
741,924,surreal,1331126211
741,969,romance,1374859156
741,1196,Harrison Ford,1331125475
741,1196,sci-fi,1331125477
741,1196,space,1331125481
741,1198,adventure,1331127910
741,1198,comedy,1331127918
741,1198,Harrison Ford,1331127902
741,1198,indiana jones,1331127905
741,1199,black comedy,1331126822
741,1199,dark comedy,1331126824
741,1199,dreamlike,1331126837
741,1199,dystopia,1331126827
741,1199,sci-fi,1331126833
741,1199,surreal,1331126830
741,1199,Terry Gilliam,1331126829
741,1200,action,1331126455
741,1200,James Cameron,1331126472
741,1200,sci-fi,1331126425
741,1200,Sigourney Weaver,1331126421
741,1201,Clint Eastwood,1331127393
741,1201,Eli Wallach,1331127409
741,1201,Ennio Morricone,1331127370
741,1201,Sergio Leone,1331127374
741,1201,spaghetti western,1331127381
741,1201,western,1331127385
741,1206,disturbing,1331126869
741,1206,dystopia,1331126872
741,1206,Malcolm McDowell,1331126940
741,1206,soundtrack,1331126884
741,1206,Stanley Kubrick,1331126862
741,1208,Dark,1331126565
741,1208,disturbing,1331126568
741,1208,Martin Sheen,1331126585
741,1208,psychological,1331126626
741,1208,soundtrack,1331126603
741,1208,surreal,1331126571
741,1214,atmospheric,1331126393
741,1214,dark,1331126391
741,1214,horror,1331126334
741,1214,Ridley Scott,1331126337
741,1214,sci-fi,1331126352
741,1214,Sigourney Weaver,1331126346
741,1232,Andrei Tarkovsky,1331125558
741,1232,dark,1303407057
741,1232,existentialism,1331125571
741,1232,meditative,1331125583
741,1232,reflective,1331125568
741,1232,sci-fi,1303407042
741,1237,black and white,1331125952
741,1237,Criterion,1331125924
741,1237,existentialism,1331125969
741,1237,funny,1331125909
741,1237,Ingmar Bergman,1331125881
741,1237,Swedish,1331125960
741,1265,Bill Murray,1331127503
741,1265,comedy,1331127518
741,1265,existentialism,1331127506
741,1265,Fantasy,1331127512
741,1265,time travel,1331127522
741,1270,1980s,1331129461
741,1270,comedy,1331129455
741,1270,sci-fi,1331129452
741,1270,time travel,1331129450
741,1274,cyberpunk,1331129125
741,1274,dystopia,1331129127
741,1274,science fiction,1331129137
741,1274,soundtrack,1331129156
741,1274,visually stunning,1331129131
741,1278,Gene Wilder,1331125096
741,1278,Madeline Kahn,1331125162
741,1278,Mel Brooks,1331125099
741,1278,monster,1331125105
741,1278,parody,1331125134
741,1282,classical music,1331127234
741,1282,dinosaurs,1331127220
741,1282,mythology,1331127227
741,1282,surreal,1331127230
741,1288,Christopher Guest,1331125382
741,1288,cult classic,1331125391
741,1288,mockumentary,1331125387
741,1288,rock and roll,1331125399
741,1288,satire,1331125394
741,1288,witty,1331125396
741,1332,conspiracy,1412792215
741,1332,human sacrifice,1412792116
741,1332,magic,1412792242
741,1332,Martin Sheen,1412792077
741,1332,police,1412792095
741,1332,Voodoo,1412792062
741,1371,artificial intelligence,1427585816
741,1371,bizarre,1427585783
741,1371,costumes,1427585792
741,1587,Arnold Schwarzenegger,1397232825
741,1587,classic,1397232827
741,1587,cult,1397232979
741,1587,epic,1397232830
741,1587,Fantasy,1397232822
741,1587,monster,1397232943
741,1587,Oliver Stone,1397232873
741,1587,Oliver Stone screenplay,1397232882
741,1587,quotable,1397232899
741,1587,soundtrack,1397232919
741,1587,Special Effects,1397232964
741,1587,sword and sorcery,1397232821
741,1587,wizards,1397232818
741,1674,music,1427891113
741,1748,dark,1331127102
741,1748,dark fantasy,1331127100
741,1748,dystopia,1331127097
741,1748,film noir,1331127120
741,1748,sci-fi,1331127105
741,1748,surreal,1331127107
741,1784,Jack Nicholson,1331129377
741,1784,neurosis,1331129380
741,1784,psychology,1331129383
741,1950,Sidney Poitier,1331127553
741,2005,1980s,1437407074
741,2005,80s,1437407077
741,2005,adventure,1437407070
741,2005,Children,1437407087
741,2019,Akira Kurosawa,1331125988
741,2019,atmospheric,1331126007
741,2019,Criterion,1331126009
741,2019,historical,1331125999
741,2019,samurai,1331126002
741,2019,toshiro mifune,1331125994
741,2117,dystopia,1331128525
741,2117,fascism,1331128543
741,2117,John Hurt,1331128569
741,2117,sci-fi,1331128553
741,2124,black comedy,1331129019
741,2124,dysfunctional family,1331129071
741,2124,horror,1331129027
741,2124,quirky,1331129022
741,2124,supernatural,1331129015
741,2140,classic,1431704630
741,2140,dark fantasy,1431704643
741,2140,fantasy world,1431704651
741,2140,muppets,1431704634
741,2140,Puppets,1431704637
741,2140,wizards,1431704654
741,2148,absurd,1412790972
741,2148,haunted house,1412791023
741,2148,Special Effects,1412791119
741,2148,visual effects,1412791113
741,2149,absurd,1412791089
741,2149,aztec,1412791072
741,2149,cowboy,1412791084
741,2149,crystal skull,1412791078
741,2149,wacky,1412791158
741,2174,black comedy,1331129692
741,2174,comedy,1331129669
741,2174,cult film,1331129671
741,2174,horror,1331129680
741,2174,Michael Keaton,1331129678
741,2174,Tim Burton,1331129676
741,2193,Special Effects,1385092915
741,2208,Alfred Hitchcock,1434077333
741,2208,Charters and Caldicott,1434077877
741,2208,Comedy,1434077121
741,2208,Conspiracy,1434077848
741,2208,Farce,1434077123
741,2208,Gay Undertones,1434077895
741,2208,Mystery,1434077154
741,2208,Politics,1434077133
741,2208,Spy,1434077125
741,2208,train,1434077324
741,2231,Edward Norton,1452534060
741,2231,John Malkovich,1452534063
741,2231,John Turturro,1452534079
741,2231,Matt Damon,1452534057
741,2329,disturbing,1331126524
741,2329,Edward Norton,1331126513
741,2329,powerful ending,1331126521
741,2329,prison,1331126532
741,2413,alternate endings,1331126990
741,2413,quirky,1331126973
741,2413,Tim Curry,1331126968
741,2414,child actor,1412789541
741,2414,Egyptian Mythology,1412789505
741,2414,human sacrifice,1412789514
741,2414,visual effects,1412789326
741,2451,creepy,1402272226
741,2451,Demons,1402271995
741,2451,disturbing,1402272547
741,2451,Eye in Hand,1402272049
741,2451,Hell,1402272055
741,2451,Metal,1402271984
741,2451,practical FX,1402273373
741,2451,Special Effects,1402272016
741,2451,SUBURBAN DYSFUNCTION,1402272041
741,2451,suburbia,1402272033
741,2451,weird,1402272088
741,2464,campy,1430178255
741,2464,cult classic,1430178145
741,2464,Gene Simmons,1430178162
741,2464,ghost,1430178180
741,2464,heavy metal,1430178213
741,2464,high school,1430178159
741,2464,nerd,1430178206
741,2464,Ozzy Osbourne,1430178211
741,2464,revenge,1430178202
741,2464,rock n roll,1430178215
741,2464,SFX,1430178238
741,2464,Special Effects,1430178241
741,2464,teen,1430178173
741,2657,campy,1331128122
741,2657,cross dressing,1331128126
741,2657,cult classic,1331128120
741,2657,parody,1331128163
741,2657,Quirky,1331128129
741,2657,Tim Curry,1331128143
741,2692,alternate endings,1331194735
741,2728,Rome,1331125620
741,2728,Stanley Kubrick,1331125626
741,2728,sword and sandal,1331125798
741,2730,lavish,1331129494
741,2730,natural lighting,1331129526
741,2730,Stanley Kubrick,1331129489
741,2730,wry,1331129507
741,2770,comedy,1331126736
741,2770,Eddie Murphy,1331126719
741,2770,Hollywood,1331126768
741,2770,parody,1331126728
741,2770,Steve Martin,1331126721
741,2826,Beowulf,1331128354
741,2826,epic,1331128395
741,2826,fantasy,1331128340
741,2826,vikings,1331128332
741,2853,Slasher,1447019117
741,2858,bittersweet,1331129347
741,2858,black comedy,1331129350
741,2858,Kevin Spacey,1331129359
741,2858,satirical,1331129363
741,2900,George A. Romero,1414033366
741,2905,Akira Kurosawa,1331128202
741,2905,Criterion,1331128205
741,2905,humorous,1331128208
741,2905,samurai,1331128237
741,2905,toshiro mifune,1331128212
741,3030,Akira Kurosawa,1331125187
741,3030,samurai,1331125184
741,3030,Toshiro Mifune,1331125182
741,3033,breaking the fourth wall,1331125861
741,3033,comedy,1331125854
741,3033,Mel Brooks,1331125828
741,3033,parody,1331125839
741,3033,sci-fi,1331125831
741,3033,spoof,1331125833
741,3068,Paul Newman,1427585848
741,3070,campy,1331129087
741,3070,cult film,1331129084
741,3070,sci-fi,1303407160
741,3070,surreal,1331129100
741,3153,adventure,1331128753
741,3153,fantasy,1331128729
741,3153,imaginative,1331128745
741,3153,mythology,1331128768
741,3153,Ray Harryhausen,1331128643
741,3175,Alan Rickman,1331216987
741,3175,parody,1331216992
741,3175,satire,1331216981
741,3175,sci-fi,1331217006
741,3175,Sigourney Weaver,1331216979
741,3181,Alan Cumming,1433445685
741,3181,anachronistic,1433445687
741,3181,Anthony Hopkins,1433445670
741,3181,Costuming,1433445907
741,3181,Jessica Lange,1433446033
741,3181,Julie Taymor,1433445676
741,3181,Shakespeare,1433445665
741,3181,visually appealing,1433445672
741,3660,absurd,1412965906
741,3660,pacing,1412965929
741,3660,psychic,1412965995
741,3660,so bad it's almost good,1412965946
741,3703,action,1331128070
741,3703,car chase,1331128062
741,3703,dystopia,1331128047
741,3703,Post apocalyptic,1331128054
741,3727,vampires,1239579814
741,3875,Charles Gray,1384571325
741,3875,Christopher Lee,1384571313
741,3875,devil,1384571374
741,3875,Hammer Film Productions,1384571341
741,3875,occult,1384571360
741,3875,Satanic Cult,1384571366
741,3875,satanism,1384571353
741,3961,campy,1402272130
741,3961,little people,1402272500
741,3961,occult,1402272159
741,3961,over the top,1402272150
741,3961,ridiculous,1402272143
741,3962,campy,1403993715
741,3996,Chow Yun Fat,1331127048
741,3996,Kung Fu,1331127016
741,3996,martial arts,1331127020
741,3996,Michelle Yeoh,1331127061
741,3996,soundtrack,1331127037
741,4195,campy,1331128887
741,4195,cult classic,1331128867
741,4195,horror,1331128874
741,4195,over the top,1331128895
741,4195,revenge,1331128932
741,4195,Vincent Price,1331128854
741,4275,magic,1397233107
741,4275,monster,1397233096
741,4275,Special Effects,1397233101
741,4370,artificial intelligence,1331128803
741,4370,Bittersweet,1331128809
741,4370,dystopia,1331128816
741,4370,emotional,1331128819
741,4370,sci-fi,1331128824
741,4467,fantasy,1331126248
741,4467,imagination,1331126253
741,4467,metafiction,1331126266
741,4467,Terry Gilliam,1331126256
741,4541,Bill Pullman,1412792309
741,4541,Voodoo,1412792290
741,4541,Wes Craven,1412792297
741,4878,philosophy,1331272507
741,4878,psychology,1331272514
741,4878,sci-fi,1331272524
741,4878,twist ending,1331272516
741,4973,comedy,1331129317
741,4973,quirky,1331129319
741,4973,surreal,1331129321
741,4973,whimsical,1331129324
741,4979,black comedy,1331128177
741,4979,dysfunctional family,1331128191
741,4979,new york,1331128186
741,4979,Wes Anderson,1331128180
741,4979,witty,1331128182
741,4993,adventure,1331127668
741,4993,fantasy,1331127651
741,4993,magic,1331127662
741,4993,New Zealand,1331127697
741,4993,soundtrack,1331127687
741,4993,wizards,1331127665
741,5008,Charles Laughton,1419279678
741,5008,courtroom drama,1419279700
741,5008,Marlene Dietrich,1419279693
741,5008,twist ending,1419279685
741,5110,comedy,1428855338
741,5110,cult classic,1428855505
741,5110,Jay Chandrasekhar,1428855342
741,5154,exploitation,1392345187
741,5154,gladiators,1392345211
741,5154,grindhouse,1392345198
741,5154,Pam Grier,1392345262
741,5154,Roger Corman,1392345173
741,5154,Rome,1392345384
741,5154,slavery,1392345353
741,5154,sword and sandal,1392345220
741,5154,sword fight,1392345237
741,5235,cyberpunk,1419208389
741,5235,Kim Cattrall,1419208391
741,5235,plot,1419208481
741,5235,Rutger Hauer,1419208357
741,5254,Guillermo del Toro,1331129941
741,5254,vampires,1331129951
741,5254,Wesley Snipes,1331129953
741,5291,Akira Kurosawa,1331128010
741,5291,Criterion,1331128019
741,5291,multiple storylines,1331128013
741,5291,Toshiro Mifune,1331128024
741,5342,psychological,1412791993
741,5342,twist ending,1412791950
741,5342,vampires,1412791907
741,5481,comedy,1331129410
741,5481,crude,1331129425
741,5481,parody,1331129413
741,5481,satire,1331129415
741,5481,spoof,1331129417
741,5588,Cannibalism,1443922206
741,5588,Desert,1443922213
741,5588,Mutants,1443922224
741,5588,Nuclear Test Site,1443922221
741,5704,Alien,1429484487
741,5704,Alien Invasion,1429484493
741,5704,B Movie,1429484578
741,5704,David Caruso,1429484483
741,5704,Jack Palance,1429484509
741,5704,Martin Landau,1429484513
741,5704,Rick Baker,1429484531
741,5704,SFX,1429484498
741,5704,Special Effects,1429484524
741,5704,Surprisingly Good,1429484520
741,5704,Vietnam Vet,1429484538
741,6137,Peter Cushing,1417058358
741,6137,Sean Connery,1417058341
741,6270,Akira Kurosawa,1331129196
741,6270,dreamlike,1331129199
741,6270,episodic,1331129202
741,6270,lyrical,1331129206
741,6270,meditative,1331129209
741,6270,multiple storylines,1331129213
741,6304,Video Game,1432881077
741,6748,Body Horror,1446223628
741,6748,Oliver Reed,1446223619
741,6748,Psychiatry,1446223625
741,7192,capoeira,1401415335
741,7192,drugs,1401415423
